,index,Unnamed: 0,didss_score,eff_size,n_aff_covs,reg_pct,streams
0,0,0.0,11.925354926261964,0.0,0,"[3, 3]",1
1,1,1.0,62.95929366395252,0.0,0,"[3, 3]",1
2,2,2.0,11.925354926261964,0.0,0,"[3, 3]",1
3,3,3.0,62.95929366395252,0.0,0,"[3, 3]",1
4,4,4.0,11.925354926261964,0.0,0,"[3, 3]",1
5,5,5.0,62.95929366395252,0.0,0,"[3, 3]",1
6,6,6.0,11.925354926261964,0.0,0,"[3, 3]",1
7,7,7.0,62.95929366395252,0.0,0,"[3, 3]",1
8,8,8.0,11.925354926261964,0.0,0,"[3, 3]",1
9,9,9.0,62.95929366395252,0.0,0,"[3, 3]",1
10,10,10.0,11.925354926261964,0.0,0,"[3, 3]",1
11,11,11.0,62.95929366395252,0.0,0,"[3, 3]",1
12,12,12.0,11.925354926261964,0.0,0,"[3, 3]",1
13,13,13.0,62.95929366395252,0.0,0,"[3, 3]",1
14,14,14.0,11.925354926261964,0.0,0,"[3, 3]",1
15,15,15.0,62.95929366395252,0.0,0,"[3, 3]",1
16,0,,35.317732741193936,0.0,0,"[3, 3]",1
17,1,,21.533047651417263,0.0,0,"[3, 3]",1
18,2,,20.17636956470803,0.0,0,"[3, 3]",1
19,3,,3.665925709665195,0.0,0,"[3, 3]",1
20,4,,35.080400702389696,0.0,0,"[3, 3]",1
21,5,,13.866123702942696,0.0,0,"[3, 3]",1
22,6,,27.32831279901466,0.0,0,"[3, 3]",1
23,7,,103.61602390979147,0.0,0,"[3, 3]",1
24,8,,21.814138821626084,0.0,0,"[3, 3]",1
25,9,,17.055306086117078,0.0,0,"[3, 3]",1
26,10,,31.698548648777848,0.0,0,"[3, 3]",1
27,11,,20.86128492681326,0.0,0,"[3, 3]",1
28,12,,21.958400297153656,0.0,0,"[3, 3]",1
29,13,,25.19054410894544,0.0,0,"[3, 3]",1
30,14,,60.01412543476265,0.0,0,"[3, 3]",1
31,15,,4.874179582268685,0.0,0,"[3, 3]",1
32,16,,17.336656889858244,0.0,0,"[3, 3]",1
33,17,,14.134947518723964,0.0,0,"[3, 3]",1
34,18,,15.169220883314539,0.0,0,"[3, 3]",1
35,19,,34.83941311217369,0.0,0,"[3, 3]",1
36,20,,58.11955509289155,0.0,0,"[3, 3]",1
37,21,,24.823619940765,0.0,0,"[3, 3]",1
38,22,,13.801472703842109,0.0,0,"[3, 3]",1
39,23,,40.8103348275988,0.0,0,"[3, 3]",1
40,24,,20.27579800219791,0.0,0,"[3, 3]",1
41,25,,26.52248715701939,0.0,0,"[3, 3]",1
42,26,,6.9205784075917895,0.0,0,"[3, 3]",1
43,27,,21.979739392686866,0.0,0,"[3, 3]",1
44,28,,57.89371516859442,0.0,0,"[3, 3]",1
45,29,,14.949309119333698,0.0,0,"[3, 3]",1
46,30,,16.030325604880648,0.0,0,"[3, 3]",1
47,31,,22.23303048455342,0.0,0,"[3, 3]",1
48,32,,71.54821363524862,0.0,0,"[3, 3]",1
49,33,,18.31917906242098,0.0,0,"[3, 3]",1
50,34,,24.046831675879933,0.0,0,"[3, 3]",1
51,35,,13.05647859807314,0.0,0,"[3, 3]",1
52,36,,111.59395962810068,0.0,0,"[3, 3]",1
53,37,,3.0478441518975963,0.0,0,"[3, 3]",1
54,38,,2.9960194941271667,0.0,0,"[3, 3]",1
55,39,,6.296033741713181,0.0,0,"[3, 3]",1
56,40,,34.86746235996135,0.0,0,"[3, 3]",1
57,41,,25.753659010582247,0.0,0,"[3, 3]",1
58,42,,10.286768065995705,0.0,0,"[3, 3]",1
59,43,,3.2533382429319655,0.0,0,"[3, 3]",1
60,44,,10.60496207575795,0.0,0,"[3, 3]",1
61,45,,51.58024498803825,0.0,0,"[3, 3]",1
62,46,,36.09123030968104,0.0,0,"[3, 3]",1
63,47,,8.475639895065399,0.0,0,"[3, 3]",1
64,48,,8.387751766230332,0.0,0,"[3, 3]",1
65,49,,8.485513586426666,0.0,0,"[3, 3]",1
66,50,,35.317732741193936,0.0,0,"[3, 3]",1
67,51,,21.533047651417263,0.0,0,"[3, 3]",1
68,52,,20.17636956470803,0.0,0,"[3, 3]",1
69,53,,3.665925709665195,0.0,0,"[3, 3]",1
70,54,,35.080400702389696,0.0,0,"[3, 3]",1
71,55,,13.866123702942696,0.0,0,"[3, 3]",1
72,56,,27.32831279901466,0.0,0,"[3, 3]",1
73,57,,103.61602390979147,0.0,0,"[3, 3]",1
74,58,,21.814138821626084,0.0,0,"[3, 3]",1
75,59,,17.055306086117078,0.0,0,"[3, 3]",1
76,60,,31.698548648777848,0.0,0,"[3, 3]",1
77,61,,20.86128492681326,0.0,0,"[3, 3]",1
78,62,,21.958400297153656,0.0,0,"[3, 3]",1
79,63,,25.19054410894544,0.0,0,"[3, 3]",1
80,64,,60.01412543476265,0.0,0,"[3, 3]",1
81,65,,4.874179582268685,0.0,0,"[3, 3]",1
82,66,,17.336656889858244,0.0,0,"[3, 3]",1
83,67,,14.134947518723964,0.0,0,"[3, 3]",1
84,68,,15.169220883314539,0.0,0,"[3, 3]",1
85,69,,34.83941311217369,0.0,0,"[3, 3]",1
86,70,,58.11955509289155,0.0,0,"[3, 3]",1
87,71,,24.823619940765,0.0,0,"[3, 3]",1
88,72,,13.801472703842109,0.0,0,"[3, 3]",1
89,73,,40.8103348275988,0.0,0,"[3, 3]",1
90,74,,20.27579800219791,0.0,0,"[3, 3]",1
91,75,,26.52248715701939,0.0,0,"[3, 3]",1
92,76,,6.9205784075917895,0.0,0,"[3, 3]",1
93,77,,21.979739392686866,0.0,0,"[3, 3]",1
94,78,,57.89371516859442,0.0,0,"[3, 3]",1
95,79,,14.949309119333698,0.0,0,"[3, 3]",1
96,80,,16.030325604880648,0.0,0,"[3, 3]",1
97,81,,22.23303048455342,0.0,0,"[3, 3]",1
98,82,,71.54821363524862,0.0,0,"[3, 3]",1
99,83,,18.31917906242098,0.0,0,"[3, 3]",1
100,84,,24.046831675879933,0.0,0,"[3, 3]",1
101,85,,13.05647859807314,0.0,0,"[3, 3]",1
102,86,,111.59395962810068,0.0,0,"[3, 3]",1
103,87,,3.0478441518975963,0.0,0,"[3, 3]",1
104,88,,2.9960194941271667,0.0,0,"[3, 3]",1
105,89,,6.296033741713181,0.0,0,"[3, 3]",1
106,90,,34.86746235996135,0.0,0,"[3, 3]",1
107,91,,25.753659010582247,0.0,0,"[3, 3]",1
108,92,,10.286768065995705,0.0,0,"[3, 3]",1
109,93,,3.2533382429319655,0.0,0,"[3, 3]",1
110,94,,10.60496207575795,0.0,0,"[3, 3]",1
111,95,,51.58024498803825,0.0,0,"[3, 3]",1
112,96,,36.09123030968104,0.0,0,"[3, 3]",1
113,97,,8.475639895065399,0.0,0,"[3, 3]",1
114,98,,8.387751766230332,0.0,0,"[3, 3]",1
115,99,,8.485513586426666,0.0,0,"[3, 3]",1
116,100,,35.317732741193936,0.0,0,"[3, 3]",1
117,101,,21.533047651417263,0.0,0,"[3, 3]",1
118,102,,20.17636956470803,0.0,0,"[3, 3]",1
119,103,,3.665925709665195,0.0,0,"[3, 3]",1
120,104,,35.080400702389696,0.0,0,"[3, 3]",1
121,105,,13.866123702942696,0.0,0,"[3, 3]",1
122,106,,27.32831279901466,0.0,0,"[3, 3]",1
123,107,,103.61602390979147,0.0,0,"[3, 3]",1
124,108,,21.814138821626084,0.0,0,"[3, 3]",1
125,109,,17.055306086117078,0.0,0,"[3, 3]",1
126,110,,31.698548648777848,0.0,0,"[3, 3]",1
127,111,,20.86128492681326,0.0,0,"[3, 3]",1
128,112,,21.958400297153656,0.0,0,"[3, 3]",1
129,113,,25.19054410894544,0.0,0,"[3, 3]",1
130,114,,60.01412543476265,0.0,0,"[3, 3]",1
131,115,,4.874179582268685,0.0,0,"[3, 3]",1
132,116,,17.336656889858244,0.0,0,"[3, 3]",1
133,117,,14.134947518723964,0.0,0,"[3, 3]",1
134,118,,15.169220883314539,0.0,0,"[3, 3]",1
135,119,,34.83941311217369,0.0,0,"[3, 3]",1
136,120,,58.11955509289155,0.0,0,"[3, 3]",1
137,121,,24.823619940765,0.0,0,"[3, 3]",1
138,122,,13.801472703842109,0.0,0,"[3, 3]",1
139,123,,40.8103348275988,0.0,0,"[3, 3]",1
140,124,,20.27579800219791,0.0,0,"[3, 3]",1
141,125,,26.52248715701939,0.0,0,"[3, 3]",1
142,126,,6.9205784075917895,0.0,0,"[3, 3]",1
143,127,,21.979739392686866,0.0,0,"[3, 3]",1
144,128,,57.89371516859442,0.0,0,"[3, 3]",1
145,129,,14.949309119333698,0.0,0,"[3, 3]",1
146,130,,16.030325604880648,0.0,0,"[3, 3]",1
147,131,,22.23303048455342,0.0,0,"[3, 3]",1
148,132,,71.54821363524862,0.0,0,"[3, 3]",1
149,133,,18.31917906242098,0.0,0,"[3, 3]",1
150,134,,24.046831675879933,0.0,0,"[3, 3]",1
151,135,,13.05647859807314,0.0,0,"[3, 3]",1
152,136,,111.59395962810068,0.0,0,"[3, 3]",1
153,137,,3.0478441518975963,0.0,0,"[3, 3]",1
154,138,,2.9960194941271667,0.0,0,"[3, 3]",1
155,139,,6.296033741713181,0.0,0,"[3, 3]",1
156,140,,34.86746235996135,0.0,0,"[3, 3]",1
157,141,,25.753659010582247,0.0,0,"[3, 3]",1
158,142,,10.286768065995705,0.0,0,"[3, 3]",1
159,143,,3.2533382429319655,0.0,0,"[3, 3]",1
160,144,,10.60496207575795,0.0,0,"[3, 3]",1
161,145,,51.58024498803825,0.0,0,"[3, 3]",1
162,146,,36.09123030968104,0.0,0,"[3, 3]",1
163,147,,8.475639895065399,0.0,0,"[3, 3]",1
164,148,,8.387751766230332,0.0,0,"[3, 3]",1
165,149,,8.485513586426666,0.0,0,"[3, 3]",1
166,150,,35.317732741193936,0.0,0,"[3, 3]",1
167,151,,21.533047651417263,0.0,0,"[3, 3]",1
168,152,,20.17636956470803,0.0,0,"[3, 3]",1
169,153,,3.665925709665195,0.0,0,"[3, 3]",1
170,154,,35.080400702389696,0.0,0,"[3, 3]",1
171,155,,13.866123702942696,0.0,0,"[3, 3]",1
172,156,,27.32831279901466,0.0,0,"[3, 3]",1
173,157,,103.61602390979147,0.0,0,"[3, 3]",1
174,158,,21.814138821626084,0.0,0,"[3, 3]",1
175,159,,17.055306086117078,0.0,0,"[3, 3]",1
176,160,,31.698548648777848,0.0,0,"[3, 3]",1
177,161,,20.86128492681326,0.0,0,"[3, 3]",1
178,162,,21.958400297153656,0.0,0,"[3, 3]",1
179,163,,25.19054410894544,0.0,0,"[3, 3]",1
180,164,,60.01412543476265,0.0,0,"[3, 3]",1
181,165,,4.874179582268685,0.0,0,"[3, 3]",1
182,166,,17.336656889858244,0.0,0,"[3, 3]",1
183,167,,14.134947518723964,0.0,0,"[3, 3]",1
184,168,,15.169220883314539,0.0,0,"[3, 3]",1
185,169,,34.83941311217369,0.0,0,"[3, 3]",1
186,170,,58.11955509289155,0.0,0,"[3, 3]",1
187,171,,24.823619940765,0.0,0,"[3, 3]",1
188,172,,13.801472703842109,0.0,0,"[3, 3]",1
189,173,,40.8103348275988,0.0,0,"[3, 3]",1
190,174,,20.27579800219791,0.0,0,"[3, 3]",1
191,175,,26.52248715701939,0.0,0,"[3, 3]",1
192,176,,6.9205784075917895,0.0,0,"[3, 3]",1
193,177,,21.979739392686866,0.0,0,"[3, 3]",1
194,178,,57.89371516859442,0.0,0,"[3, 3]",1
195,179,,14.949309119333698,0.0,0,"[3, 3]",1
196,180,,16.030325604880648,0.0,0,"[3, 3]",1
197,181,,22.23303048455342,0.0,0,"[3, 3]",1
198,182,,71.54821363524862,0.0,0,"[3, 3]",1
199,183,,18.31917906242098,0.0,0,"[3, 3]",1
200,184,,24.046831675879933,0.0,0,"[3, 3]",1
201,185,,13.05647859807314,0.0,0,"[3, 3]",1
202,186,,111.59395962810068,0.0,0,"[3, 3]",1
203,187,,3.0478441518975963,0.0,0,"[3, 3]",1
204,188,,2.9960194941271667,0.0,0,"[3, 3]",1
205,189,,6.296033741713181,0.0,0,"[3, 3]",1
206,190,,34.86746235996135,0.0,0,"[3, 3]",1
207,191,,25.753659010582247,0.0,0,"[3, 3]",1
208,192,,10.286768065995705,0.0,0,"[3, 3]",1
209,193,,3.2533382429319655,0.0,0,"[3, 3]",1
210,194,,10.60496207575795,0.0,0,"[3, 3]",1
211,195,,51.58024498803825,0.0,0,"[3, 3]",1
212,196,,36.09123030968104,0.0,0,"[3, 3]",1
213,197,,8.475639895065399,0.0,0,"[3, 3]",1
214,198,,8.387751766230332,0.0,0,"[3, 3]",1
215,199,,8.485513586426666,0.0,0,"[3, 3]",1
216,200,,35.317732741193936,0.0,0,"[3, 3]",1
217,201,,21.533047651417263,0.0,0,"[3, 3]",1
218,202,,20.17636956470803,0.0,0,"[3, 3]",1
219,203,,3.665925709665195,0.0,0,"[3, 3]",1
220,204,,35.080400702389696,0.0,0,"[3, 3]",1
221,205,,13.866123702942696,0.0,0,"[3, 3]",1
222,206,,27.32831279901466,0.0,0,"[3, 3]",1
223,207,,103.61602390979147,0.0,0,"[3, 3]",1
224,208,,21.814138821626084,0.0,0,"[3, 3]",1
225,209,,17.055306086117078,0.0,0,"[3, 3]",1
226,210,,31.698548648777848,0.0,0,"[3, 3]",1
227,211,,20.86128492681326,0.0,0,"[3, 3]",1
228,212,,21.958400297153656,0.0,0,"[3, 3]",1
229,213,,25.19054410894544,0.0,0,"[3, 3]",1
230,214,,60.01412543476265,0.0,0,"[3, 3]",1
231,215,,4.874179582268685,0.0,0,"[3, 3]",1
232,216,,17.336656889858244,0.0,0,"[3, 3]",1
233,217,,14.134947518723964,0.0,0,"[3, 3]",1
234,218,,15.169220883314539,0.0,0,"[3, 3]",1
235,219,,34.83941311217369,0.0,0,"[3, 3]",1
236,220,,58.11955509289155,0.0,0,"[3, 3]",1
237,221,,24.823619940765,0.0,0,"[3, 3]",1
238,222,,13.801472703842109,0.0,0,"[3, 3]",1
239,223,,40.8103348275988,0.0,0,"[3, 3]",1
240,224,,20.27579800219791,0.0,0,"[3, 3]",1
241,225,,26.52248715701939,0.0,0,"[3, 3]",1
242,226,,6.9205784075917895,0.0,0,"[3, 3]",1
243,227,,21.979739392686866,0.0,0,"[3, 3]",1
244,228,,57.89371516859442,0.0,0,"[3, 3]",1
245,229,,14.949309119333698,0.0,0,"[3, 3]",1
246,230,,16.030325604880648,0.0,0,"[3, 3]",1
247,231,,22.23303048455342,0.0,0,"[3, 3]",1
248,232,,71.54821363524862,0.0,0,"[3, 3]",1
249,233,,18.31917906242098,0.0,0,"[3, 3]",1
250,234,,24.046831675879933,0.0,0,"[3, 3]",1
251,235,,13.05647859807314,0.0,0,"[3, 3]",1
252,236,,111.59395962810068,0.0,0,"[3, 3]",1
253,237,,3.0478441518975963,0.0,0,"[3, 3]",1
254,238,,2.9960194941271667,0.0,0,"[3, 3]",1
255,239,,6.296033741713181,0.0,0,"[3, 3]",1
256,240,,34.86746235996135,0.0,0,"[3, 3]",1
257,241,,25.753659010582247,0.0,0,"[3, 3]",1
258,242,,10.286768065995705,0.0,0,"[3, 3]",1
259,243,,3.2533382429319655,0.0,0,"[3, 3]",1
260,244,,10.60496207575795,0.0,0,"[3, 3]",1
261,245,,51.58024498803825,0.0,0,"[3, 3]",1
262,246,,36.09123030968104,0.0,0,"[3, 3]",1
263,247,,8.475639895065399,0.0,0,"[3, 3]",1
264,248,,8.387751766230332,0.0,0,"[3, 3]",1
265,249,,8.485513586426666,0.0,0,"[3, 3]",1
266,250,,35.317732741193936,0.0,0,"[3, 3]",1
267,251,,21.533047651417263,0.0,0,"[3, 3]",1
268,252,,20.17636956470803,0.0,0,"[3, 3]",1
269,253,,3.665925709665195,0.0,0,"[3, 3]",1
270,254,,35.080400702389696,0.0,0,"[3, 3]",1
271,255,,13.866123702942696,0.0,0,"[3, 3]",1
272,256,,27.32831279901466,0.0,0,"[3, 3]",1
273,257,,103.61602390979147,0.0,0,"[3, 3]",1
274,258,,21.814138821626084,0.0,0,"[3, 3]",1
275,259,,17.055306086117078,0.0,0,"[3, 3]",1
276,260,,31.698548648777848,0.0,0,"[3, 3]",1
277,261,,20.86128492681326,0.0,0,"[3, 3]",1
278,262,,21.958400297153656,0.0,0,"[3, 3]",1
279,263,,25.19054410894544,0.0,0,"[3, 3]",1
280,264,,60.01412543476265,0.0,0,"[3, 3]",1
281,265,,4.874179582268685,0.0,0,"[3, 3]",1
282,266,,17.336656889858244,0.0,0,"[3, 3]",1
283,267,,14.134947518723964,0.0,0,"[3, 3]",1
284,268,,15.169220883314539,0.0,0,"[3, 3]",1
285,269,,34.83941311217369,0.0,0,"[3, 3]",1
286,270,,58.11955509289155,0.0,0,"[3, 3]",1
287,271,,24.823619940765,0.0,0,"[3, 3]",1
288,272,,13.801472703842109,0.0,0,"[3, 3]",1
289,273,,40.8103348275988,0.0,0,"[3, 3]",1
290,274,,20.27579800219791,0.0,0,"[3, 3]",1
291,275,,26.52248715701939,0.0,0,"[3, 3]",1
292,276,,6.9205784075917895,0.0,0,"[3, 3]",1
293,277,,21.979739392686866,0.0,0,"[3, 3]",1
294,278,,57.89371516859442,0.0,0,"[3, 3]",1
295,279,,14.949309119333698,0.0,0,"[3, 3]",1
296,280,,16.030325604880648,0.0,0,"[3, 3]",1
297,281,,22.23303048455342,0.0,0,"[3, 3]",1
298,282,,71.54821363524862,0.0,0,"[3, 3]",1
299,283,,18.31917906242098,0.0,0,"[3, 3]",1
300,284,,24.046831675879933,0.0,0,"[3, 3]",1
301,285,,13.05647859807314,0.0,0,"[3, 3]",1
302,286,,111.59395962810068,0.0,0,"[3, 3]",1
303,287,,3.0478441518975963,0.0,0,"[3, 3]",1
304,288,,2.9960194941271667,0.0,0,"[3, 3]",1
305,289,,6.296033741713181,0.0,0,"[3, 3]",1
306,290,,34.86746235996135,0.0,0,"[3, 3]",1
307,291,,25.753659010582247,0.0,0,"[3, 3]",1
308,292,,10.286768065995705,0.0,0,"[3, 3]",1
309,293,,3.2533382429319655,0.0,0,"[3, 3]",1
310,294,,10.60496207575795,0.0,0,"[3, 3]",1
311,295,,51.58024498803825,0.0,0,"[3, 3]",1
312,296,,36.09123030968104,0.0,0,"[3, 3]",1
313,297,,8.475639895065399,0.0,0,"[3, 3]",1
314,298,,8.387751766230332,0.0,0,"[3, 3]",1
315,299,,8.485513586426666,0.0,0,"[3, 3]",1
316,300,,35.317732741193936,0.0,0,"[3, 3]",1
317,301,,21.533047651417263,0.0,0,"[3, 3]",1
318,302,,20.17636956470803,0.0,0,"[3, 3]",1
319,303,,3.665925709665195,0.0,0,"[3, 3]",1
320,304,,35.080400702389696,0.0,0,"[3, 3]",1
321,305,,13.866123702942696,0.0,0,"[3, 3]",1
322,306,,27.32831279901466,0.0,0,"[3, 3]",1
323,307,,103.61602390979147,0.0,0,"[3, 3]",1
324,308,,21.814138821626084,0.0,0,"[3, 3]",1
325,309,,17.055306086117078,0.0,0,"[3, 3]",1
326,310,,31.698548648777848,0.0,0,"[3, 3]",1
327,311,,20.86128492681326,0.0,0,"[3, 3]",1
328,312,,21.958400297153656,0.0,0,"[3, 3]",1
329,313,,25.19054410894544,0.0,0,"[3, 3]",1
330,314,,60.01412543476265,0.0,0,"[3, 3]",1
331,315,,4.874179582268685,0.0,0,"[3, 3]",1
332,316,,17.336656889858244,0.0,0,"[3, 3]",1
333,317,,14.134947518723964,0.0,0,"[3, 3]",1
334,318,,15.169220883314539,0.0,0,"[3, 3]",1
335,319,,34.83941311217369,0.0,0,"[3, 3]",1
336,320,,58.11955509289155,0.0,0,"[3, 3]",1
337,321,,24.823619940765,0.0,0,"[3, 3]",1
338,322,,13.801472703842109,0.0,0,"[3, 3]",1
339,323,,40.8103348275988,0.0,0,"[3, 3]",1
340,324,,20.27579800219791,0.0,0,"[3, 3]",1
341,325,,26.52248715701939,0.0,0,"[3, 3]",1
342,326,,6.9205784075917895,0.0,0,"[3, 3]",1
343,327,,21.979739392686866,0.0,0,"[3, 3]",1
344,328,,57.89371516859442,0.0,0,"[3, 3]",1
345,329,,14.949309119333698,0.0,0,"[3, 3]",1
346,330,,16.030325604880648,0.0,0,"[3, 3]",1
347,331,,22.23303048455342,0.0,0,"[3, 3]",1
348,332,,71.54821363524862,0.0,0,"[3, 3]",1
349,333,,18.31917906242098,0.0,0,"[3, 3]",1
350,334,,24.046831675879933,0.0,0,"[3, 3]",1
351,335,,13.05647859807314,0.0,0,"[3, 3]",1
352,336,,111.59395962810068,0.0,0,"[3, 3]",1
353,337,,3.0478441518975963,0.0,0,"[3, 3]",1
354,338,,2.9960194941271667,0.0,0,"[3, 3]",1
355,339,,6.296033741713181,0.0,0,"[3, 3]",1
356,340,,34.86746235996135,0.0,0,"[3, 3]",1
357,341,,25.753659010582247,0.0,0,"[3, 3]",1
358,342,,10.286768065995705,0.0,0,"[3, 3]",1
359,343,,3.2533382429319655,0.0,0,"[3, 3]",1
360,344,,10.60496207575795,0.0,0,"[3, 3]",1
361,345,,51.58024498803825,0.0,0,"[3, 3]",1
362,346,,36.09123030968104,0.0,0,"[3, 3]",1
363,347,,8.475639895065399,0.0,0,"[3, 3]",1
364,348,,8.387751766230332,0.0,0,"[3, 3]",1
365,349,,8.485513586426666,0.0,0,"[3, 3]",1
366,350,,35.317732741193936,0.0,0,"[3, 3]",1
367,351,,21.533047651417263,0.0,0,"[3, 3]",1
368,352,,20.17636956470803,0.0,0,"[3, 3]",1
369,353,,3.665925709665195,0.0,0,"[3, 3]",1
370,354,,35.080400702389696,0.0,0,"[3, 3]",1
371,355,,13.866123702942696,0.0,0,"[3, 3]",1
372,356,,27.32831279901466,0.0,0,"[3, 3]",1
373,357,,103.61602390979147,0.0,0,"[3, 3]",1
374,358,,21.814138821626084,0.0,0,"[3, 3]",1
375,359,,17.055306086117078,0.0,0,"[3, 3]",1
376,360,,31.698548648777848,0.0,0,"[3, 3]",1
377,361,,20.86128492681326,0.0,0,"[3, 3]",1
378,362,,21.958400297153656,0.0,0,"[3, 3]",1
379,363,,25.19054410894544,0.0,0,"[3, 3]",1
380,364,,60.01412543476265,0.0,0,"[3, 3]",1
381,365,,4.874179582268685,0.0,0,"[3, 3]",1
382,366,,17.336656889858244,0.0,0,"[3, 3]",1
383,367,,14.134947518723964,0.0,0,"[3, 3]",1
384,368,,15.169220883314539,0.0,0,"[3, 3]",1
385,369,,34.83941311217369,0.0,0,"[3, 3]",1
386,370,,58.11955509289155,0.0,0,"[3, 3]",1
387,371,,24.823619940765,0.0,0,"[3, 3]",1
388,372,,13.801472703842109,0.0,0,"[3, 3]",1
389,373,,40.8103348275988,0.0,0,"[3, 3]",1
390,374,,20.27579800219791,0.0,0,"[3, 3]",1
391,375,,26.52248715701939,0.0,0,"[3, 3]",1
392,376,,6.9205784075917895,0.0,0,"[3, 3]",1
393,377,,21.979739392686866,0.0,0,"[3, 3]",1
394,378,,57.89371516859442,0.0,0,"[3, 3]",1
395,379,,14.949309119333698,0.0,0,"[3, 3]",1
396,380,,16.030325604880648,0.0,0,"[3, 3]",1
397,381,,22.23303048455342,0.0,0,"[3, 3]",1
398,382,,71.54821363524862,0.0,0,"[3, 3]",1
399,383,,18.31917906242098,0.0,0,"[3, 3]",1
400,384,,24.046831675879933,0.0,0,"[3, 3]",1
401,385,,13.05647859807314,0.0,0,"[3, 3]",1
402,386,,111.59395962810068,0.0,0,"[3, 3]",1
403,387,,3.0478441518975963,0.0,0,"[3, 3]",1
404,388,,2.9960194941271667,0.0,0,"[3, 3]",1
405,389,,6.296033741713181,0.0,0,"[3, 3]",1
406,390,,34.86746235996135,0.0,0,"[3, 3]",1
407,391,,25.753659010582247,0.0,0,"[3, 3]",1
408,392,,10.286768065995705,0.0,0,"[3, 3]",1
409,393,,3.2533382429319655,0.0,0,"[3, 3]",1
410,394,,10.60496207575795,0.0,0,"[3, 3]",1
411,395,,51.58024498803825,0.0,0,"[3, 3]",1
412,396,,36.09123030968104,0.0,0,"[3, 3]",1
413,397,,8.475639895065399,0.0,0,"[3, 3]",1
414,398,,8.387751766230332,0.0,0,"[3, 3]",1
415,399,,8.485513586426666,0.0,0,"[3, 3]",1
416,400,,35.317732741193936,0.0,0,"[3, 3]",1
417,401,,21.533047651417263,0.0,0,"[3, 3]",1
418,402,,20.17636956470803,0.0,0,"[3, 3]",1
419,403,,3.665925709665195,0.0,0,"[3, 3]",1
420,404,,35.080400702389696,0.0,0,"[3, 3]",1
421,405,,13.866123702942696,0.0,0,"[3, 3]",1
422,406,,27.32831279901466,0.0,0,"[3, 3]",1
423,407,,103.61602390979147,0.0,0,"[3, 3]",1
424,408,,21.814138821626084,0.0,0,"[3, 3]",1
425,409,,17.055306086117078,0.0,0,"[3, 3]",1
426,410,,31.698548648777848,0.0,0,"[3, 3]",1
427,411,,20.86128492681326,0.0,0,"[3, 3]",1
428,412,,21.958400297153656,0.0,0,"[3, 3]",1
429,413,,25.19054410894544,0.0,0,"[3, 3]",1
430,414,,60.01412543476265,0.0,0,"[3, 3]",1
431,415,,4.874179582268685,0.0,0,"[3, 3]",1
432,416,,17.336656889858244,0.0,0,"[3, 3]",1
433,417,,14.134947518723964,0.0,0,"[3, 3]",1
434,418,,15.169220883314539,0.0,0,"[3, 3]",1
435,419,,34.83941311217369,0.0,0,"[3, 3]",1
436,420,,58.11955509289155,0.0,0,"[3, 3]",1
437,421,,24.823619940765,0.0,0,"[3, 3]",1
438,422,,13.801472703842109,0.0,0,"[3, 3]",1
439,423,,40.8103348275988,0.0,0,"[3, 3]",1
440,424,,20.27579800219791,0.0,0,"[3, 3]",1
441,425,,26.52248715701939,0.0,0,"[3, 3]",1
442,426,,6.9205784075917895,0.0,0,"[3, 3]",1
443,427,,21.979739392686866,0.0,0,"[3, 3]",1
444,428,,57.89371516859442,0.0,0,"[3, 3]",1
445,429,,14.949309119333698,0.0,0,"[3, 3]",1
446,430,,16.030325604880648,0.0,0,"[3, 3]",1
447,431,,22.23303048455342,0.0,0,"[3, 3]",1
448,432,,71.54821363524862,0.0,0,"[3, 3]",1
449,433,,18.31917906242098,0.0,0,"[3, 3]",1
450,434,,24.046831675879933,0.0,0,"[3, 3]",1
451,435,,13.05647859807314,0.0,0,"[3, 3]",1
452,436,,111.59395962810068,0.0,0,"[3, 3]",1
453,437,,3.0478441518975963,0.0,0,"[3, 3]",1
454,438,,2.9960194941271667,0.0,0,"[3, 3]",1
455,439,,6.296033741713181,0.0,0,"[3, 3]",1
456,440,,34.86746235996135,0.0,0,"[3, 3]",1
457,441,,25.753659010582247,0.0,0,"[3, 3]",1
458,442,,10.286768065995705,0.0,0,"[3, 3]",1
459,443,,3.2533382429319655,0.0,0,"[3, 3]",1
460,444,,10.60496207575795,0.0,0,"[3, 3]",1
461,445,,51.58024498803825,0.0,0,"[3, 3]",1
462,446,,36.09123030968104,0.0,0,"[3, 3]",1
463,447,,8.475639895065399,0.0,0,"[3, 3]",1
464,448,,8.387751766230332,0.0,0,"[3, 3]",1
465,449,,8.485513586426666,0.0,0,"[3, 3]",1
466,450,,35.317732741193936,0.0,0,"[3, 3]",1
467,451,,21.533047651417263,0.0,0,"[3, 3]",1
468,452,,20.17636956470803,0.0,0,"[3, 3]",1
469,453,,3.665925709665195,0.0,0,"[3, 3]",1
470,454,,35.080400702389696,0.0,0,"[3, 3]",1
471,455,,13.866123702942696,0.0,0,"[3, 3]",1
472,456,,27.32831279901466,0.0,0,"[3, 3]",1
473,457,,103.61602390979147,0.0,0,"[3, 3]",1
474,458,,21.814138821626084,0.0,0,"[3, 3]",1
475,459,,17.055306086117078,0.0,0,"[3, 3]",1
476,460,,31.698548648777848,0.0,0,"[3, 3]",1
477,461,,20.86128492681326,0.0,0,"[3, 3]",1
478,462,,21.958400297153656,0.0,0,"[3, 3]",1
479,463,,25.19054410894544,0.0,0,"[3, 3]",1
480,464,,60.01412543476265,0.0,0,"[3, 3]",1
481,465,,4.874179582268685,0.0,0,"[3, 3]",1
482,466,,17.336656889858244,0.0,0,"[3, 3]",1
483,467,,14.134947518723964,0.0,0,"[3, 3]",1
484,468,,15.169220883314539,0.0,0,"[3, 3]",1
485,469,,34.83941311217369,0.0,0,"[3, 3]",1
486,470,,58.11955509289155,0.0,0,"[3, 3]",1
487,471,,24.823619940765,0.0,0,"[3, 3]",1
488,472,,13.801472703842109,0.0,0,"[3, 3]",1
489,473,,40.8103348275988,0.0,0,"[3, 3]",1
490,474,,20.27579800219791,0.0,0,"[3, 3]",1
491,475,,26.52248715701939,0.0,0,"[3, 3]",1
492,476,,6.9205784075917895,0.0,0,"[3, 3]",1
493,477,,21.979739392686866,0.0,0,"[3, 3]",1
494,478,,57.89371516859442,0.0,0,"[3, 3]",1
495,479,,14.949309119333698,0.0,0,"[3, 3]",1
496,480,,16.030325604880648,0.0,0,"[3, 3]",1
497,481,,22.23303048455342,0.0,0,"[3, 3]",1
498,482,,71.54821363524862,0.0,0,"[3, 3]",1
499,483,,18.31917906242098,0.0,0,"[3, 3]",1
500,484,,24.046831675879933,0.0,0,"[3, 3]",1
501,485,,13.05647859807314,0.0,0,"[3, 3]",1
502,486,,111.59395962810068,0.0,0,"[3, 3]",1
503,487,,3.0478441518975963,0.0,0,"[3, 3]",1
504,488,,2.9960194941271667,0.0,0,"[3, 3]",1
505,489,,6.296033741713181,0.0,0,"[3, 3]",1
506,490,,34.86746235996135,0.0,0,"[3, 3]",1
507,491,,25.753659010582247,0.0,0,"[3, 3]",1
508,492,,10.286768065995705,0.0,0,"[3, 3]",1
509,493,,3.2533382429319655,0.0,0,"[3, 3]",1
510,494,,10.60496207575795,0.0,0,"[3, 3]",1
511,495,,51.58024498803825,0.0,0,"[3, 3]",1
512,496,,36.09123030968104,0.0,0,"[3, 3]",1
513,497,,8.475639895065399,0.0,0,"[3, 3]",1
514,498,,8.387751766230332,0.0,0,"[3, 3]",1
515,499,,8.485513586426666,0.0,0,"[3, 3]",1
516,500,,35.317732741193936,0.0,0,"[3, 3]",1
517,501,,21.533047651417263,0.0,0,"[3, 3]",1
518,502,,20.17636956470803,0.0,0,"[3, 3]",1
519,503,,3.665925709665195,0.0,0,"[3, 3]",1
520,504,,35.080400702389696,0.0,0,"[3, 3]",1
521,505,,13.866123702942696,0.0,0,"[3, 3]",1
522,506,,27.32831279901466,0.0,0,"[3, 3]",1
523,507,,103.61602390979147,0.0,0,"[3, 3]",1
524,508,,21.814138821626084,0.0,0,"[3, 3]",1
525,509,,17.055306086117078,0.0,0,"[3, 3]",1
526,510,,31.698548648777848,0.0,0,"[3, 3]",1
527,511,,20.86128492681326,0.0,0,"[3, 3]",1
528,512,,21.958400297153656,0.0,0,"[3, 3]",1
529,513,,25.19054410894544,0.0,0,"[3, 3]",1
530,514,,60.01412543476265,0.0,0,"[3, 3]",1
531,515,,4.874179582268685,0.0,0,"[3, 3]",1
532,516,,17.336656889858244,0.0,0,"[3, 3]",1
533,517,,14.134947518723964,0.0,0,"[3, 3]",1
534,518,,15.169220883314539,0.0,0,"[3, 3]",1
535,519,,34.83941311217369,0.0,0,"[3, 3]",1
536,520,,58.11955509289155,0.0,0,"[3, 3]",1
537,521,,24.823619940765,0.0,0,"[3, 3]",1
538,522,,13.801472703842109,0.0,0,"[3, 3]",1
539,523,,40.8103348275988,0.0,0,"[3, 3]",1
540,524,,20.27579800219791,0.0,0,"[3, 3]",1
541,525,,26.52248715701939,0.0,0,"[3, 3]",1
542,526,,6.9205784075917895,0.0,0,"[3, 3]",1
543,527,,21.979739392686866,0.0,0,"[3, 3]",1
544,528,,57.89371516859442,0.0,0,"[3, 3]",1
545,529,,14.949309119333698,0.0,0,"[3, 3]",1
546,530,,16.030325604880648,0.0,0,"[3, 3]",1
547,531,,22.23303048455342,0.0,0,"[3, 3]",1
548,532,,71.54821363524862,0.0,0,"[3, 3]",1
549,533,,18.31917906242098,0.0,0,"[3, 3]",1
550,534,,24.046831675879933,0.0,0,"[3, 3]",1
551,535,,13.05647859807314,0.0,0,"[3, 3]",1
552,536,,111.59395962810068,0.0,0,"[3, 3]",1
553,537,,3.0478441518975963,0.0,0,"[3, 3]",1
554,538,,2.9960194941271667,0.0,0,"[3, 3]",1
555,539,,6.296033741713181,0.0,0,"[3, 3]",1
556,540,,34.86746235996135,0.0,0,"[3, 3]",1
557,541,,25.753659010582247,0.0,0,"[3, 3]",1
558,542,,10.286768065995705,0.0,0,"[3, 3]",1
559,543,,3.2533382429319655,0.0,0,"[3, 3]",1
560,544,,10.60496207575795,0.0,0,"[3, 3]",1
561,545,,51.58024498803825,0.0,0,"[3, 3]",1
562,546,,36.09123030968104,0.0,0,"[3, 3]",1
563,547,,8.475639895065399,0.0,0,"[3, 3]",1
564,548,,8.387751766230332,0.0,0,"[3, 3]",1
565,549,,8.485513586426666,0.0,0,"[3, 3]",1
566,550,,35.317732741193936,0.0,0,"[3, 3]",1
567,551,,21.533047651417263,0.0,0,"[3, 3]",1
568,552,,20.17636956470803,0.0,0,"[3, 3]",1
569,553,,3.665925709665195,0.0,0,"[3, 3]",1
570,554,,35.080400702389696,0.0,0,"[3, 3]",1
571,555,,13.866123702942696,0.0,0,"[3, 3]",1
572,556,,27.32831279901466,0.0,0,"[3, 3]",1
573,557,,103.61602390979147,0.0,0,"[3, 3]",1
574,558,,21.814138821626084,0.0,0,"[3, 3]",1
575,559,,17.055306086117078,0.0,0,"[3, 3]",1
576,560,,31.698548648777848,0.0,0,"[3, 3]",1
577,561,,20.86128492681326,0.0,0,"[3, 3]",1
578,562,,21.958400297153656,0.0,0,"[3, 3]",1
579,563,,25.19054410894544,0.0,0,"[3, 3]",1
580,564,,60.01412543476265,0.0,0,"[3, 3]",1
581,565,,4.874179582268685,0.0,0,"[3, 3]",1
582,566,,17.336656889858244,0.0,0,"[3, 3]",1
583,567,,14.134947518723964,0.0,0,"[3, 3]",1
584,568,,15.169220883314539,0.0,0,"[3, 3]",1
585,569,,34.83941311217369,0.0,0,"[3, 3]",1
586,570,,58.11955509289155,0.0,0,"[3, 3]",1
587,571,,24.823619940765,0.0,0,"[3, 3]",1
588,572,,13.801472703842109,0.0,0,"[3, 3]",1
589,573,,40.8103348275988,0.0,0,"[3, 3]",1
590,574,,20.27579800219791,0.0,0,"[3, 3]",1
591,575,,26.52248715701939,0.0,0,"[3, 3]",1
592,576,,6.9205784075917895,0.0,0,"[3, 3]",1
593,577,,21.979739392686866,0.0,0,"[3, 3]",1
594,578,,57.89371516859442,0.0,0,"[3, 3]",1
595,579,,14.949309119333698,0.0,0,"[3, 3]",1
596,580,,16.030325604880648,0.0,0,"[3, 3]",1
597,581,,22.23303048455342,0.0,0,"[3, 3]",1
598,582,,71.54821363524862,0.0,0,"[3, 3]",1
599,583,,18.31917906242098,0.0,0,"[3, 3]",1
600,584,,24.046831675879933,0.0,0,"[3, 3]",1
601,585,,13.05647859807314,0.0,0,"[3, 3]",1
602,586,,111.59395962810068,0.0,0,"[3, 3]",1
603,587,,3.0478441518975963,0.0,0,"[3, 3]",1
604,588,,2.9960194941271667,0.0,0,"[3, 3]",1
605,589,,6.296033741713181,0.0,0,"[3, 3]",1
606,590,,34.86746235996135,0.0,0,"[3, 3]",1
607,591,,25.753659010582247,0.0,0,"[3, 3]",1
608,592,,10.286768065995705,0.0,0,"[3, 3]",1
609,593,,3.2533382429319655,0.0,0,"[3, 3]",1
610,594,,10.60496207575795,0.0,0,"[3, 3]",1
611,595,,51.58024498803825,0.0,0,"[3, 3]",1
612,596,,36.09123030968104,0.0,0,"[3, 3]",1
613,597,,8.475639895065399,0.0,0,"[3, 3]",1
614,598,,8.387751766230332,0.0,0,"[3, 3]",1
615,599,,8.485513586426666,0.0,0,"[3, 3]",1
616,600,,35.317732741193936,0.0,0,"[3, 3]",1
617,601,,21.533047651417263,0.0,0,"[3, 3]",1
618,602,,20.17636956470803,0.0,0,"[3, 3]",1
619,603,,3.665925709665195,0.0,0,"[3, 3]",1
620,604,,35.080400702389696,0.0,0,"[3, 3]",1
621,605,,13.866123702942696,0.0,0,"[3, 3]",1
622,606,,27.32831279901466,0.0,0,"[3, 3]",1
623,607,,103.61602390979147,0.0,0,"[3, 3]",1
624,608,,21.814138821626084,0.0,0,"[3, 3]",1
625,609,,17.055306086117078,0.0,0,"[3, 3]",1
626,610,,31.698548648777848,0.0,0,"[3, 3]",1
627,611,,20.86128492681326,0.0,0,"[3, 3]",1
628,612,,21.958400297153656,0.0,0,"[3, 3]",1
629,613,,25.19054410894544,0.0,0,"[3, 3]",1
630,614,,60.01412543476265,0.0,0,"[3, 3]",1
631,615,,4.874179582268685,0.0,0,"[3, 3]",1
632,616,,17.336656889858244,0.0,0,"[3, 3]",1
633,617,,14.134947518723964,0.0,0,"[3, 3]",1
634,618,,15.169220883314539,0.0,0,"[3, 3]",1
635,619,,34.83941311217369,0.0,0,"[3, 3]",1
636,620,,58.11955509289155,0.0,0,"[3, 3]",1
637,621,,24.823619940765,0.0,0,"[3, 3]",1
638,622,,13.801472703842109,0.0,0,"[3, 3]",1
639,623,,40.8103348275988,0.0,0,"[3, 3]",1
640,624,,20.27579800219791,0.0,0,"[3, 3]",1
641,625,,26.52248715701939,0.0,0,"[3, 3]",1
642,626,,6.9205784075917895,0.0,0,"[3, 3]",1
643,627,,21.979739392686866,0.0,0,"[3, 3]",1
644,628,,57.89371516859442,0.0,0,"[3, 3]",1
645,629,,14.949309119333698,0.0,0,"[3, 3]",1
646,630,,16.030325604880648,0.0,0,"[3, 3]",1
647,631,,22.23303048455342,0.0,0,"[3, 3]",1
648,632,,71.54821363524862,0.0,0,"[3, 3]",1
649,633,,18.31917906242098,0.0,0,"[3, 3]",1
650,634,,24.046831675879933,0.0,0,"[3, 3]",1
651,635,,13.05647859807314,0.0,0,"[3, 3]",1
652,636,,111.59395962810068,0.0,0,"[3, 3]",1
653,637,,3.0478441518975963,0.0,0,"[3, 3]",1
654,638,,2.9960194941271667,0.0,0,"[3, 3]",1
655,639,,6.296033741713181,0.0,0,"[3, 3]",1
656,640,,34.86746235996135,0.0,0,"[3, 3]",1
657,641,,25.753659010582247,0.0,0,"[3, 3]",1
658,642,,10.286768065995705,0.0,0,"[3, 3]",1
659,643,,3.2533382429319655,0.0,0,"[3, 3]",1
660,644,,10.60496207575795,0.0,0,"[3, 3]",1
661,645,,51.58024498803825,0.0,0,"[3, 3]",1
662,646,,36.09123030968104,0.0,0,"[3, 3]",1
663,647,,8.475639895065399,0.0,0,"[3, 3]",1
664,648,,8.387751766230332,0.0,0,"[3, 3]",1
665,649,,8.485513586426666,0.0,0,"[3, 3]",1
666,650,,35.317732741193936,0.0,0,"[3, 3]",1
667,651,,21.533047651417263,0.0,0,"[3, 3]",1
668,652,,20.17636956470803,0.0,0,"[3, 3]",1
669,653,,3.665925709665195,0.0,0,"[3, 3]",1
670,654,,35.080400702389696,0.0,0,"[3, 3]",1
671,655,,13.866123702942696,0.0,0,"[3, 3]",1
672,656,,27.32831279901466,0.0,0,"[3, 3]",1
673,657,,103.61602390979147,0.0,0,"[3, 3]",1
674,658,,21.814138821626084,0.0,0,"[3, 3]",1
675,659,,17.055306086117078,0.0,0,"[3, 3]",1
676,660,,31.698548648777848,0.0,0,"[3, 3]",1
677,661,,20.86128492681326,0.0,0,"[3, 3]",1
678,662,,21.958400297153656,0.0,0,"[3, 3]",1
679,663,,25.19054410894544,0.0,0,"[3, 3]",1
680,664,,60.01412543476265,0.0,0,"[3, 3]",1
681,665,,4.874179582268685,0.0,0,"[3, 3]",1
682,666,,17.336656889858244,0.0,0,"[3, 3]",1
683,667,,14.134947518723964,0.0,0,"[3, 3]",1
684,668,,15.169220883314539,0.0,0,"[3, 3]",1
685,669,,34.83941311217369,0.0,0,"[3, 3]",1
686,670,,58.11955509289155,0.0,0,"[3, 3]",1
687,671,,24.823619940765,0.0,0,"[3, 3]",1
688,672,,13.801472703842109,0.0,0,"[3, 3]",1
689,673,,40.8103348275988,0.0,0,"[3, 3]",1
690,674,,20.27579800219791,0.0,0,"[3, 3]",1
691,675,,26.52248715701939,0.0,0,"[3, 3]",1
692,676,,6.9205784075917895,0.0,0,"[3, 3]",1
693,677,,21.979739392686866,0.0,0,"[3, 3]",1
694,678,,57.89371516859442,0.0,0,"[3, 3]",1
695,679,,14.949309119333698,0.0,0,"[3, 3]",1
696,680,,16.030325604880648,0.0,0,"[3, 3]",1
697,681,,22.23303048455342,0.0,0,"[3, 3]",1
698,682,,71.54821363524862,0.0,0,"[3, 3]",1
699,683,,18.31917906242098,0.0,0,"[3, 3]",1
700,684,,24.046831675879933,0.0,0,"[3, 3]",1
701,685,,13.05647859807314,0.0,0,"[3, 3]",1
702,686,,111.59395962810068,0.0,0,"[3, 3]",1
703,687,,3.0478441518975963,0.0,0,"[3, 3]",1
704,688,,2.9960194941271667,0.0,0,"[3, 3]",1
705,689,,6.296033741713181,0.0,0,"[3, 3]",1
706,690,,34.86746235996135,0.0,0,"[3, 3]",1
707,691,,25.753659010582247,0.0,0,"[3, 3]",1
708,692,,10.286768065995705,0.0,0,"[3, 3]",1
709,693,,3.2533382429319655,0.0,0,"[3, 3]",1
710,694,,10.60496207575795,0.0,0,"[3, 3]",1
711,695,,51.58024498803825,0.0,0,"[3, 3]",1
712,696,,36.09123030968104,0.0,0,"[3, 3]",1
713,697,,8.475639895065399,0.0,0,"[3, 3]",1
714,698,,8.387751766230332,0.0,0,"[3, 3]",1
715,699,,8.485513586426666,0.0,0,"[3, 3]",1
716,700,,35.317732741193936,0.0,0,"[3, 3]",1
717,701,,21.533047651417263,0.0,0,"[3, 3]",1
718,702,,20.17636956470803,0.0,0,"[3, 3]",1
719,703,,3.665925709665195,0.0,0,"[3, 3]",1
720,704,,35.080400702389696,0.0,0,"[3, 3]",1
721,705,,13.866123702942696,0.0,0,"[3, 3]",1
722,706,,27.32831279901466,0.0,0,"[3, 3]",1
723,707,,103.61602390979147,0.0,0,"[3, 3]",1
724,708,,21.814138821626084,0.0,0,"[3, 3]",1
725,709,,17.055306086117078,0.0,0,"[3, 3]",1
726,710,,31.698548648777848,0.0,0,"[3, 3]",1
727,711,,20.86128492681326,0.0,0,"[3, 3]",1
728,712,,21.958400297153656,0.0,0,"[3, 3]",1
729,713,,25.19054410894544,0.0,0,"[3, 3]",1
730,714,,60.01412543476265,0.0,0,"[3, 3]",1
731,715,,4.874179582268685,0.0,0,"[3, 3]",1
732,716,,17.336656889858244,0.0,0,"[3, 3]",1
733,717,,14.134947518723964,0.0,0,"[3, 3]",1
734,718,,15.169220883314539,0.0,0,"[3, 3]",1
735,719,,34.83941311217369,0.0,0,"[3, 3]",1
736,720,,58.11955509289155,0.0,0,"[3, 3]",1
737,721,,24.823619940765,0.0,0,"[3, 3]",1
738,722,,13.801472703842109,0.0,0,"[3, 3]",1
739,723,,40.8103348275988,0.0,0,"[3, 3]",1
740,724,,20.27579800219791,0.0,0,"[3, 3]",1
741,725,,26.52248715701939,0.0,0,"[3, 3]",1
742,726,,6.9205784075917895,0.0,0,"[3, 3]",1
743,727,,21.979739392686866,0.0,0,"[3, 3]",1
744,728,,57.89371516859442,0.0,0,"[3, 3]",1
745,729,,14.949309119333698,0.0,0,"[3, 3]",1
746,730,,16.030325604880648,0.0,0,"[3, 3]",1
747,731,,22.23303048455342,0.0,0,"[3, 3]",1
748,732,,71.54821363524862,0.0,0,"[3, 3]",1
749,733,,18.31917906242098,0.0,0,"[3, 3]",1
750,734,,24.046831675879933,0.0,0,"[3, 3]",1
751,735,,13.05647859807314,0.0,0,"[3, 3]",1
752,736,,111.59395962810068,0.0,0,"[3, 3]",1
753,737,,3.0478441518975963,0.0,0,"[3, 3]",1
754,738,,2.9960194941271667,0.0,0,"[3, 3]",1
755,739,,6.296033741713181,0.0,0,"[3, 3]",1
756,740,,34.86746235996135,0.0,0,"[3, 3]",1
757,741,,25.753659010582247,0.0,0,"[3, 3]",1
758,742,,10.286768065995705,0.0,0,"[3, 3]",1
759,743,,3.2533382429319655,0.0,0,"[3, 3]",1
760,744,,10.60496207575795,0.0,0,"[3, 3]",1
761,745,,51.58024498803825,0.0,0,"[3, 3]",1
762,746,,36.09123030968104,0.0,0,"[3, 3]",1
763,747,,8.475639895065399,0.0,0,"[3, 3]",1
764,748,,8.387751766230332,0.0,0,"[3, 3]",1
765,749,,8.485513586426666,0.0,0,"[3, 3]",1
766,750,,35.317732741193936,0.0,0,"[3, 3]",1
767,751,,21.533047651417263,0.0,0,"[3, 3]",1
768,752,,20.17636956470803,0.0,0,"[3, 3]",1
769,753,,3.665925709665195,0.0,0,"[3, 3]",1
770,754,,35.080400702389696,0.0,0,"[3, 3]",1
771,755,,13.866123702942696,0.0,0,"[3, 3]",1
772,756,,27.32831279901466,0.0,0,"[3, 3]",1
773,757,,103.61602390979147,0.0,0,"[3, 3]",1
774,758,,21.814138821626084,0.0,0,"[3, 3]",1
775,759,,17.055306086117078,0.0,0,"[3, 3]",1
776,760,,31.698548648777848,0.0,0,"[3, 3]",1
777,761,,20.86128492681326,0.0,0,"[3, 3]",1
778,762,,21.958400297153656,0.0,0,"[3, 3]",1
779,763,,25.19054410894544,0.0,0,"[3, 3]",1
780,764,,60.01412543476265,0.0,0,"[3, 3]",1
781,765,,4.874179582268685,0.0,0,"[3, 3]",1
782,766,,17.336656889858244,0.0,0,"[3, 3]",1
783,767,,14.134947518723964,0.0,0,"[3, 3]",1
784,768,,15.169220883314539,0.0,0,"[3, 3]",1
785,769,,34.83941311217369,0.0,0,"[3, 3]",1
786,770,,58.11955509289155,0.0,0,"[3, 3]",1
787,771,,24.823619940765,0.0,0,"[3, 3]",1
788,772,,13.801472703842109,0.0,0,"[3, 3]",1
789,773,,40.8103348275988,0.0,0,"[3, 3]",1
790,774,,20.27579800219791,0.0,0,"[3, 3]",1
791,775,,26.52248715701939,0.0,0,"[3, 3]",1
792,776,,6.9205784075917895,0.0,0,"[3, 3]",1
793,777,,21.979739392686866,0.0,0,"[3, 3]",1
794,778,,57.89371516859442,0.0,0,"[3, 3]",1
795,779,,14.949309119333698,0.0,0,"[3, 3]",1
796,780,,16.030325604880648,0.0,0,"[3, 3]",1
797,781,,22.23303048455342,0.0,0,"[3, 3]",1
798,782,,71.54821363524862,0.0,0,"[3, 3]",1
799,783,,18.31917906242098,0.0,0,"[3, 3]",1
800,784,,24.046831675879933,0.0,0,"[3, 3]",1
801,785,,13.05647859807314,0.0,0,"[3, 3]",1
802,786,,111.59395962810068,0.0,0,"[3, 3]",1
803,787,,3.0478441518975963,0.0,0,"[3, 3]",1
804,788,,2.9960194941271667,0.0,0,"[3, 3]",1
805,789,,6.296033741713181,0.0,0,"[3, 3]",1
806,790,,34.86746235996135,0.0,0,"[3, 3]",1
807,791,,25.753659010582247,0.0,0,"[3, 3]",1
808,792,,10.286768065995705,0.0,0,"[3, 3]",1
809,793,,3.2533382429319655,0.0,0,"[3, 3]",1
810,794,,10.60496207575795,0.0,0,"[3, 3]",1
811,795,,51.58024498803825,0.0,0,"[3, 3]",1
812,796,,36.09123030968104,0.0,0,"[3, 3]",1
813,797,,8.475639895065399,0.0,0,"[3, 3]",1
814,798,,8.387751766230332,0.0,0,"[3, 3]",1
815,799,,8.485513586426666,0.0,0,"[3, 3]",1
816,800,,35.317732741193936,0.0,0,"[3, 3]",1
817,801,,21.533047651417263,0.0,0,"[3, 3]",1
818,802,,20.17636956470803,0.0,0,"[3, 3]",1
819,803,,3.665925709665195,0.0,0,"[3, 3]",1
820,804,,35.080400702389696,0.0,0,"[3, 3]",1
821,805,,13.866123702942696,0.0,0,"[3, 3]",1
822,806,,27.32831279901466,0.0,0,"[3, 3]",1
823,807,,103.61602390979147,0.0,0,"[3, 3]",1
824,808,,21.814138821626084,0.0,0,"[3, 3]",1
825,809,,17.055306086117078,0.0,0,"[3, 3]",1
826,810,,31.698548648777848,0.0,0,"[3, 3]",1
827,811,,20.86128492681326,0.0,0,"[3, 3]",1
828,812,,21.958400297153656,0.0,0,"[3, 3]",1
829,813,,25.19054410894544,0.0,0,"[3, 3]",1
830,814,,60.01412543476265,0.0,0,"[3, 3]",1
831,815,,4.874179582268685,0.0,0,"[3, 3]",1
832,816,,17.336656889858244,0.0,0,"[3, 3]",1
833,817,,14.134947518723964,0.0,0,"[3, 3]",1
834,818,,15.169220883314539,0.0,0,"[3, 3]",1
835,819,,34.83941311217369,0.0,0,"[3, 3]",1
836,820,,58.11955509289155,0.0,0,"[3, 3]",1
837,821,,24.823619940765,0.0,0,"[3, 3]",1
838,822,,13.801472703842109,0.0,0,"[3, 3]",1
839,823,,40.8103348275988,0.0,0,"[3, 3]",1
840,824,,20.27579800219791,0.0,0,"[3, 3]",1
841,825,,26.52248715701939,0.0,0,"[3, 3]",1
842,826,,6.9205784075917895,0.0,0,"[3, 3]",1
843,827,,21.979739392686866,0.0,0,"[3, 3]",1
844,828,,57.89371516859442,0.0,0,"[3, 3]",1
845,829,,14.949309119333698,0.0,0,"[3, 3]",1
846,830,,16.030325604880648,0.0,0,"[3, 3]",1
847,831,,22.23303048455342,0.0,0,"[3, 3]",1
848,832,,71.54821363524862,0.0,0,"[3, 3]",1
849,833,,18.31917906242098,0.0,0,"[3, 3]",1
850,834,,24.046831675879933,0.0,0,"[3, 3]",1
851,835,,13.05647859807314,0.0,0,"[3, 3]",1
852,836,,111.59395962810068,0.0,0,"[3, 3]",1
853,837,,3.0478441518975963,0.0,0,"[3, 3]",1
854,838,,2.9960194941271667,0.0,0,"[3, 3]",1
855,839,,6.296033741713181,0.0,0,"[3, 3]",1
856,840,,34.86746235996135,0.0,0,"[3, 3]",1
857,841,,25.753659010582247,0.0,0,"[3, 3]",1
858,842,,10.286768065995705,0.0,0,"[3, 3]",1
859,843,,3.2533382429319655,0.0,0,"[3, 3]",1
860,844,,10.60496207575795,0.0,0,"[3, 3]",1
861,845,,51.58024498803825,0.0,0,"[3, 3]",1
862,846,,36.09123030968104,0.0,0,"[3, 3]",1
863,847,,8.475639895065399,0.0,0,"[3, 3]",1
864,848,,8.387751766230332,0.0,0,"[3, 3]",1
865,849,,8.485513586426666,0.0,0,"[3, 3]",1
866,850,,35.317732741193936,0.0,0,"[3, 3]",1
867,851,,21.533047651417263,0.0,0,"[3, 3]",1
868,852,,20.17636956470803,0.0,0,"[3, 3]",1
869,853,,3.665925709665195,0.0,0,"[3, 3]",1
870,854,,35.080400702389696,0.0,0,"[3, 3]",1
871,855,,13.866123702942696,0.0,0,"[3, 3]",1
872,856,,27.32831279901466,0.0,0,"[3, 3]",1
873,857,,103.61602390979147,0.0,0,"[3, 3]",1
874,858,,21.814138821626084,0.0,0,"[3, 3]",1
875,859,,17.055306086117078,0.0,0,"[3, 3]",1
876,860,,31.698548648777848,0.0,0,"[3, 3]",1
877,861,,20.86128492681326,0.0,0,"[3, 3]",1
878,862,,21.958400297153656,0.0,0,"[3, 3]",1
879,863,,25.19054410894544,0.0,0,"[3, 3]",1
880,864,,60.01412543476265,0.0,0,"[3, 3]",1
881,865,,4.874179582268685,0.0,0,"[3, 3]",1
882,866,,17.336656889858244,0.0,0,"[3, 3]",1
883,867,,14.134947518723964,0.0,0,"[3, 3]",1
884,868,,15.169220883314539,0.0,0,"[3, 3]",1
885,869,,34.83941311217369,0.0,0,"[3, 3]",1
886,870,,58.11955509289155,0.0,0,"[3, 3]",1
887,871,,24.823619940765,0.0,0,"[3, 3]",1
888,872,,13.801472703842109,0.0,0,"[3, 3]",1
889,873,,40.8103348275988,0.0,0,"[3, 3]",1
890,874,,20.27579800219791,0.0,0,"[3, 3]",1
891,875,,26.52248715701939,0.0,0,"[3, 3]",1
892,876,,6.9205784075917895,0.0,0,"[3, 3]",1
893,877,,21.979739392686866,0.0,0,"[3, 3]",1
894,878,,57.89371516859442,0.0,0,"[3, 3]",1
895,879,,14.949309119333698,0.0,0,"[3, 3]",1
896,880,,16.030325604880648,0.0,0,"[3, 3]",1
897,881,,22.23303048455342,0.0,0,"[3, 3]",1
898,882,,71.54821363524862,0.0,0,"[3, 3]",1
899,883,,18.31917906242098,0.0,0,"[3, 3]",1
900,884,,24.046831675879933,0.0,0,"[3, 3]",1
901,885,,13.05647859807314,0.0,0,"[3, 3]",1
902,886,,111.59395962810068,0.0,0,"[3, 3]",1
903,887,,3.0478441518975963,0.0,0,"[3, 3]",1
904,888,,2.9960194941271667,0.0,0,"[3, 3]",1
905,889,,6.296033741713181,0.0,0,"[3, 3]",1
906,890,,34.86746235996135,0.0,0,"[3, 3]",1
907,891,,25.753659010582247,0.0,0,"[3, 3]",1
908,892,,10.286768065995705,0.0,0,"[3, 3]",1
909,893,,3.2533382429319655,0.0,0,"[3, 3]",1
910,894,,10.60496207575795,0.0,0,"[3, 3]",1
911,895,,51.58024498803825,0.0,0,"[3, 3]",1
912,896,,36.09123030968104,0.0,0,"[3, 3]",1
913,897,,8.475639895065399,0.0,0,"[3, 3]",1
914,898,,8.387751766230332,0.0,0,"[3, 3]",1
915,899,,8.485513586426666,0.0,0,"[3, 3]",1
916,900,,35.317732741193936,0.0,0,"[3, 3]",1
917,901,,21.533047651417263,0.0,0,"[3, 3]",1
918,902,,20.17636956470803,0.0,0,"[3, 3]",1
919,903,,3.665925709665195,0.0,0,"[3, 3]",1
920,904,,35.080400702389696,0.0,0,"[3, 3]",1
921,905,,13.866123702942696,0.0,0,"[3, 3]",1
922,906,,27.32831279901466,0.0,0,"[3, 3]",1
923,907,,103.61602390979147,0.0,0,"[3, 3]",1
924,908,,21.814138821626084,0.0,0,"[3, 3]",1
925,909,,17.055306086117078,0.0,0,"[3, 3]",1
926,910,,31.698548648777848,0.0,0,"[3, 3]",1
927,911,,20.86128492681326,0.0,0,"[3, 3]",1
928,912,,21.958400297153656,0.0,0,"[3, 3]",1
929,913,,25.19054410894544,0.0,0,"[3, 3]",1
930,914,,60.01412543476265,0.0,0,"[3, 3]",1
931,915,,4.874179582268685,0.0,0,"[3, 3]",1
932,916,,17.336656889858244,0.0,0,"[3, 3]",1
933,917,,14.134947518723964,0.0,0,"[3, 3]",1
934,918,,15.169220883314539,0.0,0,"[3, 3]",1
935,919,,34.83941311217369,0.0,0,"[3, 3]",1
936,920,,58.11955509289155,0.0,0,"[3, 3]",1
937,921,,24.823619940765,0.0,0,"[3, 3]",1
938,922,,13.801472703842109,0.0,0,"[3, 3]",1
939,923,,40.8103348275988,0.0,0,"[3, 3]",1
940,924,,20.27579800219791,0.0,0,"[3, 3]",1
941,925,,26.52248715701939,0.0,0,"[3, 3]",1
942,926,,6.9205784075917895,0.0,0,"[3, 3]",1
943,927,,21.979739392686866,0.0,0,"[3, 3]",1
944,928,,57.89371516859442,0.0,0,"[3, 3]",1
945,929,,14.949309119333698,0.0,0,"[3, 3]",1
946,930,,16.030325604880648,0.0,0,"[3, 3]",1
947,931,,22.23303048455342,0.0,0,"[3, 3]",1
948,932,,71.54821363524862,0.0,0,"[3, 3]",1
949,933,,18.31917906242098,0.0,0,"[3, 3]",1
950,934,,24.046831675879933,0.0,0,"[3, 3]",1
951,935,,13.05647859807314,0.0,0,"[3, 3]",1
952,936,,111.59395962810068,0.0,0,"[3, 3]",1
953,937,,3.0478441518975963,0.0,0,"[3, 3]",1
954,938,,2.9960194941271667,0.0,0,"[3, 3]",1
955,939,,6.296033741713181,0.0,0,"[3, 3]",1
956,940,,34.86746235996135,0.0,0,"[3, 3]",1
957,941,,25.753659010582247,0.0,0,"[3, 3]",1
958,942,,10.286768065995705,0.0,0,"[3, 3]",1
959,943,,3.2533382429319655,0.0,0,"[3, 3]",1
960,944,,10.60496207575795,0.0,0,"[3, 3]",1
961,945,,51.58024498803825,0.0,0,"[3, 3]",1
962,946,,36.09123030968104,0.0,0,"[3, 3]",1
963,947,,8.475639895065399,0.0,0,"[3, 3]",1
964,948,,8.387751766230332,0.0,0,"[3, 3]",1
965,949,,8.485513586426666,0.0,0,"[3, 3]",1
966,950,,35.317732741193936,0.0,0,"[3, 3]",1
967,951,,21.533047651417263,0.0,0,"[3, 3]",1
968,952,,20.17636956470803,0.0,0,"[3, 3]",1
969,953,,3.665925709665195,0.0,0,"[3, 3]",1
970,954,,35.080400702389696,0.0,0,"[3, 3]",1
971,955,,13.866123702942696,0.0,0,"[3, 3]",1
972,956,,27.32831279901466,0.0,0,"[3, 3]",1
973,957,,103.61602390979147,0.0,0,"[3, 3]",1
974,958,,21.814138821626084,0.0,0,"[3, 3]",1
975,959,,17.055306086117078,0.0,0,"[3, 3]",1
976,960,,31.698548648777848,0.0,0,"[3, 3]",1
977,961,,20.86128492681326,0.0,0,"[3, 3]",1
978,962,,21.958400297153656,0.0,0,"[3, 3]",1
979,963,,25.19054410894544,0.0,0,"[3, 3]",1
980,964,,60.01412543476265,0.0,0,"[3, 3]",1
981,965,,4.874179582268685,0.0,0,"[3, 3]",1
982,966,,17.336656889858244,0.0,0,"[3, 3]",1
983,967,,14.134947518723964,0.0,0,"[3, 3]",1
984,968,,15.169220883314539,0.0,0,"[3, 3]",1
985,969,,34.83941311217369,0.0,0,"[3, 3]",1
986,970,,58.11955509289155,0.0,0,"[3, 3]",1
987,971,,24.823619940765,0.0,0,"[3, 3]",1
988,972,,13.801472703842109,0.0,0,"[3, 3]",1
989,973,,40.8103348275988,0.0,0,"[3, 3]",1
990,974,,20.27579800219791,0.0,0,"[3, 3]",1
991,975,,26.52248715701939,0.0,0,"[3, 3]",1
992,976,,6.9205784075917895,0.0,0,"[3, 3]",1
993,977,,21.979739392686866,0.0,0,"[3, 3]",1
994,978,,57.89371516859442,0.0,0,"[3, 3]",1
995,979,,14.949309119333698,0.0,0,"[3, 3]",1
996,980,,16.030325604880648,0.0,0,"[3, 3]",1
997,981,,22.23303048455342,0.0,0,"[3, 3]",1
998,982,,71.54821363524862,0.0,0,"[3, 3]",1
999,983,,18.31917906242098,0.0,0,"[3, 3]",1
1000,984,,24.046831675879933,0.0,0,"[3, 3]",1
1001,985,,13.05647859807314,0.0,0,"[3, 3]",1
1002,986,,111.59395962810068,0.0,0,"[3, 3]",1
1003,987,,3.0478441518975963,0.0,0,"[3, 3]",1
1004,988,,2.9960194941271667,0.0,0,"[3, 3]",1
1005,989,,6.296033741713181,0.0,0,"[3, 3]",1
1006,990,,34.86746235996135,0.0,0,"[3, 3]",1
1007,991,,25.753659010582247,0.0,0,"[3, 3]",1
1008,992,,10.286768065995705,0.0,0,"[3, 3]",1
1009,993,,3.2533382429319655,0.0,0,"[3, 3]",1
1010,994,,10.60496207575795,0.0,0,"[3, 3]",1
1011,995,,51.58024498803825,0.0,0,"[3, 3]",1
1012,996,,36.09123030968104,0.0,0,"[3, 3]",1
1013,997,,8.475639895065399,0.0,0,"[3, 3]",1
1014,998,,8.387751766230332,0.0,0,"[3, 3]",1
1015,999,,8.485513586426666,0.0,0,"[3, 3]",1
